{
  "accuracy": 0.95,
  "precision": 0.9595959595959596,
  "recall": 0.9405940594059405,
  "f1_score": 0.95
}