{
  "accuracy": 0.956140350877193,
  "precision": 0.958904109589041,
  "recall": 0.9722222222222222,
  "f1_score": 0.9655172413793104
}